{"cameraMode":{"drawMode":0,"name":"Shaded","section":"Shading Mode"},"sceneLighting":true,"audioPlay":false,"sceneViewState":{"m_AlwaysRefresh":false,"showFog":true,"showSkybox":true,"showFlares":true,"showImageEffects":true,"showParticleSystems":true,"showVisualEffectGraphs":true,"m_FxEnabled":true},"in2DMode":false,"pivot":{"x":434.1295471191406,"y":15.226578712463379,"z":439.1258850097656},"rotation":{"x":0.06914329528808594,"y":0.8065217733383179,"z":-0.09627556055784226,"w":0.5792023539543152},"size":11.891817092895508,"orthographic":false}