{"cameraMode":{"drawMode":0,"name":"Shaded","section":"Shading Mode"},"sceneLighting":true,"audioPlay":false,"sceneViewState":{"m_AlwaysRefresh":false,"showFog":true,"showSkybox":true,"showFlares":true,"showImageEffects":true,"showParticleSystems":true,"showVisualEffectGraphs":true,"m_FxEnabled":true},"in2DMode":false,"pivot":{"x":272.83709716796877,"y":6.858883380889893,"z":525.30419921875},"rotation":{"x":0.028634507209062578,"y":0.11222754418849945,"z":-0.003151955548673868,"w":0.9933443069458008},"size":0.276653528213501,"orthographic":false}